source,publisher,url,licence,how_it_is_used,what_it_is_used_for
CBAM Regulation and implementing acts,Publications Office of the EU (EUR-Lex),https://eur-lex.europa.eu/,Reuse authorised under Decision 2011/833/EU; editorial content CC BY 4.0,derived figures published,"Annex I scope, benchmarks, CBAM factor, certificate-price rule"
Climate TRACE v6 asset-level inventory,Climate TRACE coalition,https://climatetrace.org/data,CC BY 4.0,derived figures published,"Plant identity and annual activity. Its emission factors are route constants, not measurements"
Country default values (IR 2026/1740) and benchmarks (IR 2025/2620),European Commission / EUR-Lex,https://eur-lex.europa.eu/eli/reg_impl/2026/1740/oj,Reuse authorised under Decision 2011/833/EU,derived figures published,Default embedded emissions by country and CN code; free-allocation benchmarks
EU ETS verified emissions,European Environment Agency,https://www.eea.europa.eu/,EEA standard re-use policy,derived figures published,European installation-level verified emissions used as a comparison point
EU trade by origin (DS-045409),Eurostat,https://ec.europa.eu/eurostat/web/main/data/database,Reuse for commercial and non-commercial purposes authorised provided the source is acknowledged,derived figures published,Tonnes and value of CBAM goods imported into the EU27 by origin country
Emissions-intensity determinations,Clean Energy Regulator (Australia),https://cer.gov.au/,"CC BY 4.0, as above",derived figures published,"Product-level measured intensity, including the Port Kembla check value"
"Facility greenhouse gas registry, 2015-2024",Ministry of Environment (Taiwan),https://ghgregistry.moenv.gov.tw/,Government open data declaration,derived figures published,Measured direct and indirect emissions by plant
Finance Act 2026 Part 5 and CBAM statutory instruments,UK Parliament / legislation.gov.uk,https://www.legislation.gov.uk/,Open Government Licence v3.0,derived figures published,"UK CBAM scope, rate formula and relief rules"
"GHG intensities of steel, fertiliser, aluminium and cement (JRC134682)","European Commission, Joint Research Centre",https://publications.jrc.ec.europa.eu/repository/handle/JRC134682,CC BY 4.0 (© European Union 2023),derived figures published,Country-level direct and indirect intensity by CN code; the comparator behind the 2026-09-16 correction
Global Iron and Steel Tracker; Global Cement and Concrete Tracker,Global Energy Monitor,https://globalenergymonitor.org/,CC BY 4.0,derived figures published,"Plant identity, owner, production route and capacity"
"Greenhouse Gas Reporting Program, reporting year 2023",US Environmental Protection Agency,https://www.epa.gov/ghgreporting,US federal government work; published as open data,derived figures published,Measured facility emissions for 430 US plants in six CBAM-relevant sectors
"Greenhouse Gas Reporting Program, reporting year 2024",Environment and Climate Change Canada,https://www.canada.ca/en/environment-climate-change.html,Open Government Licence – Canada,derived figures published,"Measured facility emissions for Canadian steel, aluminium and cement plants"
"Merchandise exports by commodity, state and destination",Australian Bureau of Statistics,https://www.abs.gov.au/,CC BY 4.0,derived figures published,Independent cross-check of the Australian export leg
Mineral Commodity Summaries 2026,US Geological Survey,https://www.usgs.gov/centers/national-minerals-information-center,Public domain (17 U.S.C. 105),derived figures published,National cement and ammonia production used for scale checks
Overseas trade statistics,HM Revenue & Customs (UK),https://www.uktradeinfo.com/,Open Government Licence v3.0,derived figures published,UK import volumes for the UK CBAM leg
Relative CBAM Exposure Index,World Bank,https://datacatalog.worldbank.org/,CC BY 4.0,derived figures published,Third-party index reproduced as a direction check
Safeguard Mechanism facility emissions and baselines,Clean Energy Regulator (Australia),https://cer.gov.au/,CC BY 4.0; derived use attributed as 'Based on Clean Energy Regulator material licensed under a Creative Commons Attribution 4.0 licence',derived figures published,Measured Scope 1 emissions used to calibrate and to verify
Allowance price explorer,International Carbon Action Partnership,https://icapcarbonaction.com/,Information purposes only; attribution required; full terms unresolved,"cited, values not reproduced","Carbon prices in other jurisdictions, cited not reproduced"
Ammonia production energy benchmarking,International Fertilizer Association,https://www.fertilizer.org/,Free download; redistribution not granted,"cited, values not reproduced",Context only
Company sustainability and financial reports,BlueScope Steel Limited,https://www.bluescope.com/,Company copyright,"cited, values not reproduced","Company-disclosed figures, cited with attribution"
Euro foreign exchange reference rates,European Central Bank,https://www.ecb.europa.eu/stats/eurofxref/,Reuse permitted with attribution; commercial republication of the data requires prior written authorisation,"cited, values not reproduced",Currency conversion only. The rate series itself is not republished here
Mandatory GHG accounting and reporting system,Ministry of the Environment / METI (Japan),https://eegs.env.go.jp/,Site terms not yet verified verbatim,"cited, values not reproduced","Japanese site-level emissions, cited but not reproduced"
National greenhouse gas emission statements,Greenhouse Gas Inventory and Research Center (Korea),https://ngms.gir.go.kr/,No explicit licence statement located,"cited, values not reproduced","Company-level Korean emissions, cited but not reproduced"
"Third-party studies: Sandbag, Global Efficiency Intelligence, worldsteel, Fastmarkets",Various publishers,(see each study),Copyright of each publisher; no reuse licence,"cited, values not reproduced","Independent estimates compared against ours. Quoted briefly with attribution, never reproduced"
