origin_iso2,origin,goods_in_scope_t,goods_value_eur,modelled_charge_eur,charge_pct_of_goods_value,charge_steel_eur,charge_aluminium_eur,charge_cement_eur,charge_fertiliser_eur,charge_hydrogen_eur,trade_weighted_default_intensity_tco2e_per_t
CN,China,11342773,17151865072,2689444956,15.7,2265002383,191932075,2541422,229969075,0,4.288
TR,Türkiye,14810089,10684877951,2024118484,18.9,1158898112,105202804,731898062,28093365,26140,2.776
ID,Indonesia,3246434,2432077764,1950365843,80.2,1948072603,2253092,3430,36718,0,8.854
IN,India,4602025,5486381493,1165043062,21.2,1139758848,25060238,1527,222450,0,4.526
RU,Russia,10396542,4889368429,1159058272,23.7,893243900,24023412,0,241790960,0,2.442
EG,Egypt,6564007,2800715525,646785201,23.1,259642112,25208452,106954766,254979871,0,2.084
UA,Ukraine,11180442,3349927614,602465636,18.0,471893495,1059117,127682899,1830125,0,1.334
KR,Korea,3748134,4417160327,379069003,8.6,366436889,12631871,1,243,0,2.619
GB,United Kingdom,3336163,6385181510,342904607,5.4,308042627,29164625,4601594,1083004,12758,2.493
DZ,Algeria,4402144,1332673826,324647724,24.4,127492166,10897,110347652,86797008,0,1.82
VN,Viet Nam,3089363,2503850906,323928430,12.9,311722821,3012891,9180446,12272,0,2.677
TW,Taiwan,2396092,3431159426,311540969,9.1,311086299,451670,0,2999,0,3.013
US,United States,3046532,3901618439,269420450,6.9,88698316,4661353,60327,64703470,111296984,1.688
XS,Not specified,1298574,1445648521,261164031,18.1,235269016,16750317,2284440,6832356,27902,3.742
ZA,South Africa,1164572,1295461406,191667013,14.8,165510195,22307128,3819304,30386,0,3.317
MY,Malaysia,869819,930216577,167657893,18.0,154820871,7949773,4886412,836,0,3.677
AE,United Arab Emirates,973414,1816080230,138979410,7.7,108471110,26886090,3152403,469806,1,3.146
BR,Brazil,4515020,2151864912,135725750,6.3,132991103,2688546,38063,8038,0,0.944
KZ,Kazakhstan,609033,611399626,115526345,18.9,105925425,5904442,1,3696478,0,3.585
SA,Saudi Arabia,699499,523294170,110425514,21.1,87693134,5643688,16627174,461518,0,3.119
MZ,Mozambique,621038,1562717566,109350322,7.0,343953,109006370,0,0,0,3.593
TN,Tunisia,1387888,510652781,107317013,21.0,58540401,481184,45983577,2311852,0,1.761
JP,Japan,858713,1450570093,79369392,5.5,73271224,5815799,271981,10388,0,2.484
MK,North Macedonia,556068,400974056,74166061,18.5,71297399,348277,2514245,4401,1738,1.926
AU,Australia,419258,284042057,63129887,22.2,62621935,507819,8,124,1,3.226
VE,Venezuela,694036,254968691,57659109,22.6,56693725,965384,0,0,0,1.455
TH,Thailand,251224,477853790,53964068,11.3,53081802,882006,108,152,0,2.927
MD,Moldova,238679,133246803,53924662,40.5,51160332,22025,2740949,1357,0,4.066
OM,Oman,396940,448496187,49702115,11.1,24250694,5896688,0,19554725,8,2.688
UZ,Uzbekistan,570559,211827931,46832133,22.1,478386,415825,0,45937922,0,1.771
TT,Trinidad and Tobago,1260997,524981038,45307405,8.6,2630,105,0,45304669,0,1.55
CA,Canada,9498148,2673155622,41418734,1.6,4719615,36664495,7103,27516,6,0.232
BA,Bosnia and Herzegovina,635737,764123841,41326365,5.4,21208213,8631486,11126661,360005,0,1.782
LY,Libya,451140,141001037,38033653,27.0,36699569,40,0,1334045,0,1.654
BH,Bahrain,571542,1479169658,34432295,2.3,2503246,31929048,0,0,0,2.11
MA,Morocco,1664629,1014560677,33565046,3.3,6254824,816689,9429595,17063939,0,0.99
GE,Georgia,320198,180613578,33516941,18.6,15585639,4154,0,17927149,0,2.266
TM,TM,201960,75132923,23468829,31.2,2285,0,0,23466544,0,2.203
AL,Albania,199743,209191659,22207078,10.6,16648525,2852373,2703487,2692,0,2.405
CL,Chile,259614,260903453,20277994,7.8,707217,3822,384,19566570,0,1.641
IL,Israel,153514,268305736,16574612,6.2,1606204,1020530,19,13947033,827,1.978
PK,Pakistan,58381,50869051,14343308,28.2,14313550,29756,1,1,0,4.512
MX,Mexico,448102,206234926,14122791,6.8,12334521,202738,1579894,5638,0,0.738
QZ,QZ,66436,146546258,11995778,8.2,11783079,212699,0,0,0,3.586
QW,QW,43017,184728974,10639445,5.8,9763310,764483,13,111637,1,4.46
NG,Nigeria,215617,82734975,10372844,12.5,77484,66343,0,10229018,0,1.351
JO,Jordan,87725,93646217,9999723,10.7,39143,641275,0,9319305,0,2.001
QA,Qatar,152061,203986813,9113942,4.5,6566399,2547541,1,1,0,1.659
CO,Colombia,125553,116995454,8849341,7.6,4142964,24971,4665001,16405,0,1.725
IR,Iran,121647,75458691,7986367,10.6,7927001,59266,100,0,0,2.155
ZW,Zimbabwe,69236,66125671,6941539,10.5,6941518,9,12,0,0,2.55
QP,QP,25390,201120384,6464064,3.2,4820455,1643608,0,0,0,4.637
NZ,New Zealand,92528,189647481,5274785,2.8,2715030,2559756,0,0,0,2.079
AZ,Azerbaijan,48882,28555476,4567957,16.0,1322371,61121,0,3184466,0,1.939
QY,QY,36126,114755598,4487338,3.9,2580936,1906402,0,0,0,2.926
AM,AM,18970,117517573,4212912,3.6,393167,3819742,1,1,0,4.216
QV,QV,22016,33721830,4047897,12.0,3210133,274833,23171,536734,3027,3.473
XK,XK,13900,41073494,4045807,9.8,3772972,272825,10,0,0,5.088
LR,LR,81544,8113079,3916047,48.3,3916034,10,3,0,0,0.686
AR,Argentina,58560,154897833,3237358,2.1,1296369,1940986,0,3,0,2.081
BY,Belarus,73434,46293094,3050550,6.6,9022,578105,0,2463424,0,1.303
LB,LB,9380,14937291,2550415,17.1,2413488,130239,184,6503,0,4.833
NC,NC,12348,32176393,2278484,7.1,2278401,74,9,0,0,3.634
AO,AO,11316,9924247,2146414,21.6,2134585,11810,19,0,0,3.703
KH,KH,8332,15713566,2098082,13.3,2072486,25595,0,0,0,4.601
GH,Ghana,46355,113673426,1827601,1.6,44241,1783356,4,0,0,1.88
PH,Philippines,14546,50515847,1667106,3.3,1657265,9834,6,1,0,1.572
HK,Hong Kong,5974,28467936,1387688,4.9,1041611,263658,601,81817,0,4.26
SG,Singapore,4649,44727245,1163613,2.6,1124969,30846,21,7777,0,4.491
TJ,TJ,26951,64341561,1040491,1.6,20,1040471,0,0,0,1.87
CM,Cameroon,25151,57137616,972536,1.7,2110,970389,36,0,0,1.87
BT,BT,4153,4588501,766120,16.7,766119,2,0,0,0,3.633
PY,PY,4097,4058300,729019,18.0,724066,30,0,4923,0,3.523
MH,MH,2047,363111,569800,156.9,569687,113,0,0,0,4.932
BO,BO,4747,12677367,393412,3.1,7,393405,0,0,0,2.423
PE,Peru,1571,2991326,390820,13.1,388436,2036,311,36,0,4.428
ME,Montenegro,8330,23619907,344132,1.5,23100,321031,0,0,0,1.905
ZM,ZM,7983,7527751,340304,4.5,340295,9,0,0,0,1.86
NP,NP,1308,1392103,319923,23.0,319892,31,0,0,0,4.511
MU,MU,1363,5851861,258876,4.4,70351,187259,1266,0,0,3.814
KW,Kuwait,1145,1751475,210660,12.0,208977,1683,0,0,0,3.603
LK,Sri Lanka,859,2347548,175625,7.5,144135,31490,0,0,0,3.563
SM,SM,771,1930890,120094,6.2,1281,118813,0,0,0,3.391
AD,AD,373,661893,106022,16.0,88788,17222,13,0,0,5.001
GI,GI,331,453599,87096,19.2,82493,4562,40,0,0,4.739
MR,MR,248,502603,79891,15.9,79875,17,0,0,0,5.477
MG,MG,323,935054,78928,8.4,72334,6583,1,1,9,4.501
BS,BS,253,699767,78640,11.2,78232,408,0,0,0,5.339
SN,SN,247,511889,77931,15.2,77045,884,1,1,0,5.392
PA,PA,537,1303245,77731,6.0,37627,20735,19369,0,0,2.891
LA,LA,405,475013,74725,15.7,74721,3,0,1,0,3.633
NE,NE,215,883146,70001,7.9,69996,5,0,0,0,5.529
KG,KG,208,582706,67083,11.5,66596,488,0,0,0,5.488
GT,GT,179,122355,62920,51.4,61081,1840,0,0,0,5.764
UY,UY,244,409477,62476,15.3,62101,373,0,2,0,4.656
FO,FO,223,839907,60515,7.2,56414,4101,0,0,0,4.798
CW,CW,227,1014843,56455,5.6,56357,98,0,0,0,4.565
GA,GA,287,366986,55048,15.0,54304,714,0,0,30,3.732
SV,SV,165,689451,52774,7.7,52604,170,0,0,0,5.442
XL,XL,205,221386,50439,22.8,35645,14795,0,0,0,4.528
GN,GN,479,1118255,48996,4.4,398,48598,1,0,0,2.673
CI,CI,267,572045,48341,8.4,35389,12725,20,207,0,3.678
XC,XC,170,221156,45402,20.5,36949,8453,0,0,0,4.779
DJ,DJ,177,480975,42772,8.9,42757,15,0,0,0,4.474
BD,Bangladesh,129,926964,36543,3.9,35663,879,0,0,0,4.941
EC,EC,110,191576,35763,18.7,34976,785,0,2,0,5.453
BL,BL,124,72614,30350,41.8,30350,0,0,0,0,4.525
GL,GL,97,374429,26082,7.0,23677,2142,0,263,0,4.809
MM,MM,100,2594807,23656,0.9,15261,8395,0,0,0,4.397
SX,SX,101,309439,23244,7.5,16140,7104,0,0,0,4.327
BV,BV,82,93646,20694,22.1,20694,0,0,0,0,4.603
CV,CV,57,30476,20003,65.6,19936,66,1,0,0,5.84
DO,DO,88,366543,19147,5.2,15773,2641,733,0,0,4.078
IQ,Iraq,55,300763,15499,5.2,13045,2442,12,0,0,4.997
ML,ML,55,353236,14333,4.1,13992,341,0,0,0,4.682
SL,SL,138,308576,13350,4.3,2529,10821,0,0,0,2.603
GY,GY,41,84618,13144,15.5,13077,67,0,0,0,5.47
AW,AW,51,239436,12926,5.4,12908,4,13,0,0,4.639
KE,KE,64,271065,12085,4.5,7066,4683,0,336,0,3.654
SC,SC,43,18204,12071,66.3,12065,6,0,0,0,4.934
CR,CR,49,10826178,11959,0.1,10743,1183,2,31,0,4.487
KY,KY,37,242704,9422,3.9,8620,801,0,0,0,4.646
BJ,BJ,26,142986,8649,6.0,8636,1,12,0,0,5.559
PF,PF,27,173297,7908,4.6,7004,894,11,0,0,5.024
BM,BM,28,50873,7527,14.8,7491,36,0,0,0,4.813
BW,BW,27,35558,7465,21.0,7465,0,0,0,0,4.867
SY,SY,29,108229,7401,6.8,7401,0,0,0,0,4.628
CG,CG,26,119260,7206,6.0,4912,2294,0,0,0,4.891
FK,FK,22,93001,6335,6.8,3366,2969,0,0,0,5.017
ET,ET,32,290593,5563,1.9,867,4680,16,0,0,3.644
BF,BF,19,166631,5469,3.3,5468,0,0,0,0,4.981
TC,TC,19,45678,4860,10.6,4860,0,0,0,0,4.67
SR,SR,16,121042,4825,4.0,4208,617,0,0,0,5.168
MV,MV,17,10966,4353,39.7,4353,0,0,0,0,4.651
TZ,TZ,15,69217,3443,5.0,2397,1046,0,0,0,4.334
NA,NA,9,89239,2477,2.8,2463,14,0,0,0,4.988
AG,AG,9,61972,2245,3.6,2245,0,0,0,0,4.673
CU,CU,13,34212,2226,6.5,1660,562,4,0,0,3.587
BQ,BQ,7,20158,2175,10.8,2101,73,0,0,0,5.251
EH,EH,6,7757,1608,20.7,1608,0,0,0,0,4.912
CD,CD,10,18941,1595,8.4,1594,1,0,0,0,2.864
JM,JM,4,3447,1425,41.3,1424,1,0,0,0,5.909
BB,BB,4,10025,1215,12.1,1051,158,6,0,0,5.207
BN,BN,5,85764,1071,1.2,609,462,0,0,0,4.152
UG,UG,4,56887,944,1.7,841,103,0,0,0,4.669
TK,TK,5,36016,915,2.5,257,658,0,0,0,3.859
SZ,SZ,2,9280,674,7.3,671,3,0,0,0,5.274
MN,Mongolia,3,60052,673,1.1,672,0,0,0,0,4.534
AF,AF,3,32189,650,2.0,183,467,0,0,0,3.869
GQ,GQ,2,14494,515,3.5,9,489,17,0,0,4.186
PW,PW,1,485,403,83.0,403,0,0,0,0,5.921
HT,HT,1,12649,288,2.3,288,0,0,0,0,4.475
HN,HN,1,90199,234,0.3,229,0,0,5,0,4.362
TF,TF,1,101,228,226.1,228,0,0,0,0,5.922
ST,ST,1,3602,219,6.1,8,212,0,0,0,4.102
YE,YE,1,5289,210,4.0,210,0,0,0,0,4.669
NF,NF,1,13937,202,1.4,0,202,0,0,0,4.077
SO,SO,1,14265,172,1.2,171,0,0,0,0,4.509
UM,UM,1,57892,141,0.2,139,1,0,0,0,4.541
CF,CF,0,19685,132,0.7,113,19,0,0,0,4.847
AQ,AQ,1,2149,118,5.5,0,118,0,0,0,4.364
LS,LS,0,10628,99,0.9,99,0,0,0,0,4.619
PS,PS,0,2776,98,3.5,4,94,0,0,0,4.344
WS,WS,0,195,84,42.9,84,0,0,0,0,4.669
TD,TD,0,7113,76,1.1,76,0,0,0,0,4.525
VC,VC,0,1666,74,4.5,74,0,0,0,0,4.665
PG,PG,0,20471,65,0.3,64,1,0,0,0,4.486
WF,WF,0,694,63,9.1,63,0,0,0,0,4.482
MO,MO,0,8677,59,0.7,31,29,0,0,0,4.279
PM,PM,0,3359,49,1.4,2,47,0,0,0,2.968
TO,TO,0,17354,46,0.3,46,0,0,0,0,4.481
AS,AS,0,5944,31,0.5,31,0,0,0,0,5.106
TG,TG,1,2387,31,1.3,30,1,0,0,0,0.88
IO,IO,0,3089,29,0.9,29,0,0,0,0,4.664
BZ,BZ,0,1379,25,1.9,25,0,0,0,0,4.512
CX,CX,0,527,23,4.5,23,0,0,0,0,4.474
VU,VU,0,633,23,3.7,23,0,0,0,0,4.6
KM,KM,0,1504,17,1.1,0,17,0,0,0,3.533
HM,HM,0,1338,16,1.2,0,16,0,0,0,4.022
VI,VI,0,544,13,2.5,13,0,0,0,0,4.658
VG,VG,0,1282,10,0.8,10,1,0,0,0,4.641
MS,MS,0,461,9,2.0,1,8,0,0,0,4.08
NI,NI,0,1068,9,0.9,8,1,0,0,0,4.341
SB,SB,0,248,9,3.8,9,0,0,0,0,4.324
TL,TL,0,2380,9,0.4,9,0,0,0,0,4.652
TV,TV,0,481,9,2.0,9,0,0,0,0,4.472
KP,KP,0,766,8,1.0,8,0,0,0,0,4.67
MP,MP,0,807,7,0.9,4,3,0,0,0,4.472
SD,SD,0,1764,7,0.4,7,0,0,0,0,4.572
AI,AI,0,32557,4,0.0,4,0,0,0,0,4.64
GM,GM,0,201,4,2.1,4,0,0,0,0,4.78
FJ,FJ,0,291,3,0.9,3,0,0,0,0,4.337
BI,BI,0,644,2,0.4,2,0,0,0,0,4.67
CK,CK,0,104,2,2.2,2,0,0,0,0,4.592
LC,LC,0,336,2,0.7,0,2,0,0,0,4.43
PN,PN,0,136,1,0.8,1,0,0,0,0,4.67
RW,RW,0,74,1,0.7,1,0,0,0,0,4.67
GD,GD,0,428,1,0.3,0,1,0,0,0,3.942
