origin_iso2,origin,steel_covered_t,share_of_origin_steel_pct,published_country_intensity_7208_tco2e_per_t,charge_at_default_values_eur,charge_at_country_average_eur,modelled_reduction_eur
CN,China,9057554,99.6,1.84,2282052161,386858857,1895193304
TR,Türkiye,7434009,100.0,1.89,1163081913,410510565,752571348
IN,India,4202259,100.0,4.9,1147297606,916695958,230601648
RU,Russia,5172163,100.0,3.65,892975601,883326259,9649342
UA,Ukraine,4297218,46.6,2.18,470801401,274908057,195893345
GB,United Kingdom,2250052,96.0,2.03,307981190,143738143,164243047
TW,Taiwan,2065391,86.5,1.88,204678853,80430475,124248378
ZA,South Africa,890487,99.9,3.65,165501929,103070806,62431123
BR,Brazil,1735461,38.9,2.02,106056041,85729880,20326161
JP,Japan,809112,100.0,2.1,73794139,46838494,26955645
US,United States,666887,32.2,1.66,16927424,18659889,0
